HMv,Minimum,mean
1,2.0000019024074875,3.365054509327395
2,2.0000057072184507,3.4095238204397904
3,3.000001903417413,3.595034001393781
