HMv,Minimum,mean
1,1.0000012682720598,1.9386511368067283
2,1.933631719462341,2.4615215399053203
3,1.828601337653837,2.301538805906572
