HMv,Minimum,mean
1,2.6666787981525295,3.1259479982100937
2,2.7010588191875575,3.032299581079066
3,2.000001266250936,2.7123341130829486
