HMv,Minimum,mean
1,3.0000000000024127,4.1806841655260385
2,3.77701336675376,4.309475363930261
3,3.9336871254426895,4.668361113565395
