HMv,Minimum,mean
1,2.000000000001206,2.7747663869930337
2,2.9444438314086128,3.182527270322396
3,2.622524644842149,3.0959055213408853
