HMv,Minimum,mean
1,3.0000025365425134,4.787068111707848
2,4.796471841636263,5.407151380643573
3,4.886550307417516,5.455817085927036
